author,age,upvotes,downvotes,sentiment,sentiment_score,text_clean
Informal-Sand583,2y,18.0,,positive,0.916033923625946,"I think it's not talked about a lot because it's not really common yet. I personally have 2 solid perfumes and I absolutely love them ! It's easy to reapply them without bothering anyone, and I feel like its easier to control the quantity of perfume I put on. It projects less but I actually like that because that way I can smell my perfume and I'm sure it won't annoy other people (so perfect to wear around people who don't like perfumes). I feel like it lasts long, and it's great for layering, it can be used as a base to make other perfumes last longer."
bluebellheart111,2y,13.0,,positive,0.9578246474266052,"I have had 2 diptyque solids and they do a good job lasting. The 34 blvd st Germaine really lasts, and as a solid it’s super easy to reapply anywhere. Cute container too."
scramblered,2y,6.0,,positive,0.8988896608352661,"I have the Eau Capitale solid from Diptyque and feel the same way. It’s a great way to re-up basically any similar rose fragrance I’m wearing throughout the day, if needed. I have the EDP of Eau Capitale, as well, and find that I don’t really need to reapply that one (it lasts a long time for me), so I end up mixing the solid with other scents more frequently. The solid works well enough on its own, though, too."
Hot-Statistician2916,2y,2.0,,positive,0.5239216089248657,"Long time ago SA gave me small sample of Volutes solid, it was incredibly long lasting and the smell really euphoric! Such a shame they dont have Volutes as a solid anymore !"
GlennOftheDesert,2y,19.0,,negative,0.7886614799499512,"Mostly the problem is that they don't last very long, and that they are best as linear fragrances (I think the lack of ethanol doesn't quite lend itself to the scent doing much developing, but I may be wrong about that). They are often quite similar to fragrance oil, which also have the same issue of just not lasting quite as long as a traditional perfume."
[deleted],2y,8.0,,positive,0.9579504132270813,I have Elizabeth and James nirvana BLACK in solid. And I love it. It makes me feel like a classy Victorian lady on the titanic about to be drown with the love of my life.
gorosheeta,2y,2.0,,neutral,0.6849923133850098,Spreadsheeter Is that the one that comes in a cool black compact?
Spiritofpoetry55,2y,6.0,,positive,0.9791892766952515,I make and buy my solid perfumes a lot. Love them
rumncoco86,2y,5.0,,neutral,0.5439611077308655,"My problem is, solid perfume isn't readily available where I am. I could find it anywhere as a pre-teen and young teen in the 90s. For me, along with oils, solids have better longevity. If I could find a suitable skin-safe and perfume-safe blend of carrier balms and waxes, I'd make my own using the perfume sprays."
pwnkage,2y,4.0,,neutral,0.6692325472831726,"I only travel with solid perfumes! I have this brand called Aroamas handmade in Sydney where I live. I bought a bunch ages ago, they seem to be on Etsy and Insta, but are currently closed. https://www.etsy.com/au/shop/AROAMAS"
chinchillacheesedog,2y,4.0,,negative,0.5713968276977539,full bathtub worthy Not for me because I like to apply partially on my clothes. Always do a bit on clothes and a bit on skin. The solid ones I tried also had virtually no projection. And I’d be worried that the carrier would go rancid with time - with alcohol I know I’ll have decades before stuff goes off.
esoteric_psyche,2y,4.0,,positive,0.9411727786064148,"I love them along with oil perfumes! My favourite is Lust from Lush. I personally did not like the perfume version since it's so strong. The solid perfume is perfect. Someone near me can smell it, I can smell it but not in a headache or fill up the room way. Subtle and long lasting to me. It's a preference truly."
FrutyPebbles321,2y,3.0,,positive,0.8965573310852051,"Profile Badge for the Achievement Top 1% Commenter Top 1% Commenter I love solid perfumes for layering or for bringing out a certain note in a perfume. For instance, I love Elizabeth and James Nirvana Bourbon. Sometimes I want to amp up the tuberose note in that fragrance so I layer it with a solid tuberose perfume. Other times I want the bourbon vanilla to be the star, so I layer it with a vanilla solid perfume. I think solid perfumes are the perfect way to customize a scent."
FireRescue3,2y,3.0,,positive,0.9330123662948608,I love to travel with them because there is no danger of them breaking or spilling.
nochnoyvangogh,2y,2.0,,negative,0.8331978917121887,"""is that incense?"" The only bad thing is the lasting power. Even the lush ones, which are the only ones available in my zone, don’t last that much"
[deleted],2y,2.0,,negative,0.503570556640625,"Tried a few - duke cannon, olivina, kappa .. they are all skin scents with barely any projection or longevity."
Fahggy1410,2y,2.0,,neutral,0.6808229088783264,"I tried a few and they don’t last long , i just use them for layering"
Furmaids,2y,2.0,,neutral,0.7435248494148254,"If it came like lip balm I'd be willing to try a known brand, but I've mostly seen them in the old tins"
truthfulie,2y,2.0,,neutral,0.6417816281318665,I like the idea of being able to reapply without spraying. But the availability is rather limited for me to really consider it an option. Similar story with rollers.
Affectionato2,2y,2.0,,positive,0.9621763825416565,"Love them!!! I wore a lot of Lust by Lush back in the day and I was really surprised that solid perfumes weren’t more widely available. Plus, you can put solid perfume in lockets"
assplower,2y,2.0,,negative,0.8555403351783752,"They’re not for me. They don’t seem to project at all nor last very long, and personally I haven’t found many scents I enjoy out that come in solid form anyway."
